{"_type":"export","__export_format":4,"__export_date":"2023-12-14T14:40:24.573Z","__export_source":"insomnia.desktop.app:v8.4.5","resources":[{"_id":"req_f7b4abf97a5f4bf5a3efecfe0479e9ad","parentId":"wrk_ff15d50d41514c2388d95966f9233228","modified":1702564576966,"created":1702564210882,"url":"https://image.tmdb.org/t/p/w300/aZXHjmhSSGUshLEdgsNCTH9z7Ix.jpg","name":"Obtener-Imagenes","description":"","method":"GET","body":{},"parameters":[],"headers":[{"name":"User-Agent","value":"insomnia/8.4.5"}],"authentication":{},"metaSortKey":-1702564210882,"isPrivate":false,"settingStoreCookies":true,"settingSendCookies":true,"settingDisableRenderRequestBody":false,"settingEncodeUrl":true,"settingRebuildPath":true,"settingFollowRedirects":"global","_type":"request"},{"_id":"wrk_ff15d50d41514c2388d95966f9233228","parentId":null,"modified":1702563552714,"created":1702563552714,"name":"Testing API","description":"","scope":"collection","_type":"workspace"},{"_id":"req_e5e011eab39d430e902a8a5bc7bc7bd2","parentId":"wrk_ff15d50d41514c2388d95966f9233228","modified":1702564208405,"created":1702564056254,"url":"https://api.themoviedb.org/3/discover/movie?include_adult=false&include_video=false&language=es-ES&page=1&sort_by=popularity.desc","name":"Pupular-pelis-ES","description":"","method":"GET","body":{},"parameters":[],"headers":[{"name":"User-Agent","value":"insomnia/8.4.5","id":"pair_a48b9e42ca724a0d8f00b963f896c1a8"},{"id":"pair_599ed18a34b544e99a1a72bd6b2c0f8f","name":"Authorization","value":"Bearer eyJhbGciOiJIUzI1NiJ9.eyJhdWQiOiJjYTllYjlkNzk1YmZiYjMwY2FhODRjYTMxNmFiODk2YyIsInN1YiI6IjY1NmUwMWIxNGE0YmY2MDEyMDI4ZGUyNyIsInNjb3BlcyI6WyJhcGlfcmVhZCJdLCJ2ZXJzaW9uIjoxfQ.UrQqa_FuEXJL8zkvPtu2OcNb47MxY3Nn55R6nYyP92M","description":""},{"id":"pair_7a21bee154a7427d8ca670242536b2f6","name":"accept","value":"application/json","description":""}],"authentication":{},"metaSortKey":-1702564056254,"isPrivate":false,"settingStoreCookies":true,"settingSendCookies":true,"settingDisableRenderRequestBody":false,"settingEncodeUrl":true,"settingRebuildPath":true,"settingFollowRedirects":"global","_type":"request"},{"_id":"env_83545904936a8d11998994efb246a15012610fba","parentId":"wrk_ff15d50d41514c2388d95966f9233228","modified":1702563552718,"created":1702563552718,"name":"Base Environment","data":{},"dataPropertyOrder":null,"color":null,"isPrivate":false,"metaSortKey":1702563552718,"_type":"environment"},{"_id":"jar_83545904936a8d11998994efb246a15012610fba","parentId":"wrk_ff15d50d41514c2388d95966f9233228","modified":1702563552722,"created":1702563552722,"name":"Default Jar","cookies":[],"_type":"cookie_jar"}]}